ticker,folds,model_mae_pct,zero_return_mae_pct,direction_accuracy_pct,base_rate_pct,spearman_ic,mean_strategy_return_pct,mean_predicted_return_pct,mean_actual_return_pct,error
ADANIENT.NS,10.0,8.9099,7.8502,50.0,60.0,-0.1879,-2.7951,-1.2345,3.5163,
ADANIPORTS.NS,10.0,5.6042,6.3091,60.0,60.0,0.1879,2.0091,2.29,2.3505,
APOLLOHOSP.NS,10.0,5.0556,3.5967,50.0,60.0,-0.1394,0.2276,2.4958,1.8329,
ASIANPAINT.NS,10.0,5.9759,6.3926,50.0,50.0,0.1273,-0.2855,-1.4024,-0.3544,
AXISBANK.NS,10.0,7.0987,5.0027,30.0,60.0,-0.4303,-2.4963,1.8156,0.3353,
BAJAJ-AUTO.NS,10.0,4.2825,4.7629,60.0,70.0,0.0788,-0.6337,0.5979,3.1235,
BAJFINANCE.NS,10.0,8.1911,4.7129,40.0,50.0,0.2485,-0.2403,4.324,-0.2568,
BAJAJFINSV.NS,10.0,6.7672,5.1289,60.0,40.0,-0.1515,-1.8055,2.1825,-0.7411,
BEL.NS,10.0,4.4529,3.5482,40.0,50.0,0.0909,-0.287,2.5131,-0.1737,
BPCL.NS,10.0,5.1011,5.0211,70.0,40.0,0.0545,0.215,1.0483,-1.6085,
BHARTIARTL.NS,10.0,5.021,3.5019,50.0,50.0,-0.2121,-0.537,2.6042,-0.96,
BRITANNIA.NS,10.0,6.2288,4.1741,30.0,40.0,-0.2606,-2.4094,1.8962,-1.7557,
CIPLA.NS,10.0,6.6262,5.2599,60.0,30.0,-0.1879,-1.2272,-1.3014,-0.796,
COALINDIA.NS,10.0,6.4112,3.8139,30.0,50.0,-0.3818,-2.4756,-2.7822,1.3361,
DRREDDY.NS,10.0,5.628,4.463,30.0,40.0,-0.3576,-1.0132,1.0161,-0.3406,
EICHERMOT.NS,10.0,4.9961,3.5432,60.0,50.0,0.2606,1.9044,4.2883,1.2856,
ETERNAL.NS,10.0,9.2807,9.0967,50.0,70.0,0.1273,-1.6381,0.5042,1.2704,
GRASIM.NS,10.0,5.5106,3.4274,40.0,70.0,-0.2121,-1.3228,0.717,1.8681,
HCLTECH.NS,10.0,11.3021,8.9795,30.0,40.0,-0.0909,0.0593,-1.3832,-1.5901,
HDFCBANK.NS,10.0,6.338,4.911,30.0,30.0,-0.3212,-0.7716,-0.337,-3.4016,
HDFCLIFE.NS,10.0,6.4623,4.6073,50.0,20.0,-0.8545,-1.3911,-0.9151,-3.6322,
HEROMOTOCO.NS,10.0,7.1073,6.0324,60.0,20.0,-0.0909,3.4425,1.5512,0.0505,
HINDALCO.NS,10.0,9.2545,5.986,30.0,60.0,-0.4424,-1.9638,-0.3543,2.9031,
HINDUNILVR.NS,10.0,4.7019,3.9587,40.0,30.0,-0.0909,0.0883,0.2425,-2.014,
ICICIBANK.NS,10.0,5.6495,4.5044,20.0,60.0,-0.3455,-2.2612,0.6543,0.427,
ITC.NS,10.0,5.4521,4.7132,60.0,20.0,-0.1273,2.185,-0.222,-4.2709,
INDUSINDBK.NS,10.0,7.7755,4.5393,40.0,60.0,0.0303,-2.4395,-5.2939,2.4245,
INFY.NS,10.0,6.4334,7.2104,70.0,50.0,0.2606,-0.5502,-0.223,-3.4778,
JSWSTEEL.NS,23.0,3.6232,4.8428,78.26,69.57,0.5,2.3913,1.9962,1.1599,
KOTAKBANK.NS,23.0,4.4781,4.121,52.17,69.57,0.0178,-0.1558,-0.2347,0.755,
LT.NS,10.0,3.4388,3.2467,60.0,60.0,0.3818,1.24,0.9197,0.0786,
M&M.NS,10.0,6.1688,5.0245,60.0,40.0,0.0545,-0.3269,2.9445,-1.3136,
MARUTI.NS,10.0,4.8855,4.6629,60.0,50.0,0.3212,-0.2714,0.7623,-1.9298,
NESTLEIND.NS,10.0,5.7878,5.5702,50.0,50.0,0.0667,-0.5679,1.4501,1.2042,
NTPC.NS,10.0,4.7459,3.9991,60.0,50.0,-0.3212,0.6405,0.4958,0.4041,
ONGC.NS,10.0,9.4078,6.0698,20.0,50.0,-0.2242,-2.9217,-0.6007,-0.3658,
POWERGRID.NS,10.0,4.0858,3.9338,80.0,40.0,0.4424,2.4883,-0.8911,0.0374,
RELIANCE.NS,10.0,4.8564,2.6825,20.0,20.0,-0.1394,-1.373,2.2416,-1.5431,
SBILIFE.NS,10.0,6.3357,4.5423,30.0,40.0,-0.5758,-3.5456,2.0059,-1.5162,
SBIN.NS,10.0,4.1059,4.955,80.0,60.0,0.6121,3.9804,0.7238,0.699,
SHRIRAMFIN.NS,10.0,8.3005,6.8394,70.0,60.0,0.3333,3.7415,0.7582,2.5799,
SUNPHARMA.NS,10.0,4.4943,4.6982,60.0,50.0,0.5758,1.9373,-1.6848,1.0825,
TCS.NS,10.0,7.3734,7.2832,70.0,40.0,-0.1152,3.3895,-4.413,-2.7343,
TATACONSUM.NS,10.0,7.257,4.912,20.0,40.0,-0.7091,-2.1184,2.9461,-1.1191,
TATAMOTORS.NS,,,,,,,,,,Could not fetch real data for TATAMOTORS.NS from any source. Ensure network connectivity and try again.
TATASTEEL.NS,10.0,7.1204,6.927,80.0,60.0,0.2242,3.6307,2.2108,0.7235,
TECHM.NS,10.0,8.6539,8.299,70.0,70.0,0.4061,4.684,-2.2631,1.22,
TITAN.NS,10.0,6.2881,5.7349,60.0,70.0,0.1273,1.3167,-0.2369,2.9917,
TRENT.NS,10.0,8.3194,8.5341,60.0,60.0,0.0182,0.9867,-1.23,-3.1759,
ULTRACEMCO.NS,10.0,5.4683,5.0569,70.0,50.0,0.503,3.8374,2.2226,-0.545,
WIPRO.NS,10.0,4.6399,6.5761,90.0,40.0,0.7576,4.3658,-0.3679,-3.3035,
