date,top_decile_return_pct,equal_weight_return_pct
2024-10-04,-7.777567166717053,-6.1652751827580285
2024-11-04,4.489227841694926,3.493811421559517
2024-12-05,-9.9878689543692,-4.942185484201072
2025-01-06,3.518552214155407,4.630080289391275
2025-02-03,7.211207677222014,4.820070723475528
2025-03-05,-7.370506984407394,-1.0508731611785058
2025-04-07,7.901169020409676,6.50457981048142
2025-05-12,-0.35891728965292125,-0.11226736036222805
2025-06-10,3.568477692748134,3.526911674982985
2025-07-09,2.1952541177903404,-4.297425590191684
2025-08-07,-1.7412922648948947,0.9185513389729896
2025-09-09,9.246048795435941,7.748565419532144
2025-10-09,1.2370021703005665,-0.8017390742793671
2025-11-10,-0.140683836588794,0.622145392138944
2025-11-11,3.4113930772422805,-1.435995781393486
2025-12-09,6.862016577732841,1.702554965451554
2025-12-10,5.502807917563818,-2.252661373852423
2026-01-08,3.9650942199868258,0.9143472274042564
2026-01-09,6.690155186201224,0.20199521301522153
2026-02-09,-5.8387110620866824,-5.870268668465158
2026-02-10,-5.532696988644209,-11.973734401160156
2026-03-11,2.2803543058996825,1.7107125045027303
2026-03-12,-3.6624194841832045,3.077546498836897
2026-04-15,-4.796116501792193,0.5494292907786855
2026-04-16,5.109694059589881,-1.9684860701326357
2026-05-14,-2.228021105667987,-1.8015204171635553
2026-05-15,-2.349941924346549,0.3431339106376072
2026-06-12,1.4118989563533182,2.6312049523600893
2026-06-15,-1.2211553175210441,-1.1421663027802194
2026-07-13,3.0640933431752373,2.1927605699534323
2026-07-14,1.5651579106789992,4.051594642655249
2026-08-11,-2.446032792148863,-4.413507298957525
2026-08-12,2.5999822776333446,-1.837623309314131
