"ticker","selected_model","fallback_reason","folds","error"
"ADANIENT.NS","ridge","audit baseline","10.0",""
"ADANIPORTS.NS","ridge","audit baseline","10.0",""
"APOLLOHOSP.NS","ridge","audit baseline","10.0",""
"ASIANPAINT.NS","ridge","audit baseline","10.0",""
"AXISBANK.NS","ridge","audit baseline","10.0",""
"BAJAJ-AUTO.NS","ridge","audit baseline","10.0",""
"BAJFINANCE.NS","ridge","audit baseline","10.0",""
"BAJAJFINSV.NS","ridge","audit baseline","10.0",""
"BEL.NS","ridge","audit baseline","10.0",""
"BPCL.NS","ridge","audit baseline","10.0",""
"BHARTIARTL.NS","ridge","audit baseline","10.0",""
"BRITANNIA.NS","ridge","audit baseline","10.0",""
"CIPLA.NS","ridge","audit baseline","10.0",""
"COALINDIA.NS","ridge","audit baseline","10.0",""
"DRREDDY.NS","ridge","audit baseline","10.0",""
"EICHERMOT.NS","ridge","audit baseline","10.0",""
"ETERNAL.NS","ridge","audit baseline","10.0",""
"GRASIM.NS","ridge","audit baseline","10.0",""
"HCLTECH.NS","ridge","audit baseline","10.0",""
"HDFCBANK.NS","ridge","audit baseline","10.0",""
"HDFCLIFE.NS","ridge","audit baseline","10.0",""
"HEROMOTOCO.NS","ridge","audit baseline","10.0",""
"HINDALCO.NS","ridge","audit baseline","10.0",""
"HINDUNILVR.NS","ridge","audit baseline","10.0",""
"ICICIBANK.NS","ridge","audit baseline","10.0",""
"ITC.NS","ridge","audit baseline","10.0",""
"INDUSINDBK.NS","ridge","audit baseline","10.0",""
"INFY.NS","ridge","audit baseline","10.0",""
"JSWSTEEL.NS","ridge","audit baseline","23.0",""
"KOTAKBANK.NS","ridge","audit baseline","23.0",""
"LT.NS","ridge","audit baseline","10.0",""
"M&M.NS","ridge","audit baseline","10.0",""
"MARUTI.NS","ridge","audit baseline","10.0",""
"NESTLEIND.NS","ridge","audit baseline","10.0",""
"NTPC.NS","ridge","audit baseline","10.0",""
"ONGC.NS","ridge","audit baseline","10.0",""
"POWERGRID.NS","ridge","audit baseline","10.0",""
"RELIANCE.NS","ridge","audit baseline","10.0",""
"SBILIFE.NS","ridge","audit baseline","10.0",""
"SBIN.NS","ridge","audit baseline","10.0",""
"SHRIRAMFIN.NS","ridge","audit baseline","10.0",""
"SUNPHARMA.NS","ridge","audit baseline","10.0",""
"TCS.NS","ridge","audit baseline","10.0",""
"TATACONSUM.NS","ridge","audit baseline","10.0",""
"TATAMOTORS.NS","ridge","audit baseline","","Could not fetch real data for TATAMOTORS.NS from any source. Ensure network connectivity and try again."
"TATASTEEL.NS","ridge","audit baseline","10.0",""
"TECHM.NS","ridge","audit baseline","10.0",""
"TITAN.NS","ridge","audit baseline","10.0",""
"TRENT.NS","ridge","audit baseline","10.0",""
"ULTRACEMCO.NS","ridge","audit baseline","10.0",""
"WIPRO.NS","ridge","audit baseline","10.0",""
